<?xml version="1.0" encoding="UTF-8"?>
<project-private xmlns="http://www.netbeans.org/ns/project-private/1">
    <editor-bookmarks xmlns="http://www.netbeans.org/ns/editor-bookmarks/2" lastBookmarkId="0"/>
    <open-files xmlns="http://www.netbeans.org/ns/projectui-open-files/2">
        <group>
            <file>file:/C:/Users/admin/OneDrive/Desktop/Semester_3/Software%20Design/Week%201/BlackJackGame/src/blackjackgame/BlackJack.java</file>
            <file>file:/C:/Users/admin/OneDrive/Desktop/Semester_3/Software%20Design/Week%201/BlackJackGame/src/blackjackgame/Player.java</file>
            <file>file:/C:/Users/admin/OneDrive/Desktop/Semester_3/Software%20Design/Week%201/BlackJackGame/src/blackjackgame/Card.java</file>
            <file>file:/C:/Users/admin/OneDrive/Desktop/Semester_3/Software%20Design/Week%201/BlackJackGame/src/blackjackgame/CardCollection.java</file>
            <file>file:/C:/Users/admin/OneDrive/Desktop/Semester_3/Software%20Design/Week%201/BlackJackGame/src/blackjackgame/Deck.java</file>
        </group>
    </open-files>
</project-private>
